LinkID,TravelSpeed,CongestionLevel,UpdateTime
L_00001A1002050A,-99.0,-99,2026-04-22T12:50:00+08:00
L_00001A1002060A,-99.0,-99,2026-04-22T12:50:00+08:00
L_00001A1102040A,-99.0,-99,2026-04-22T12:50:00+08:00
L_2000100000020A,71.0,1,2026-04-22T12:50:00+08:00
L_2000100000090A,-99.0,-99,2026-04-22T12:50:00+08:00
L_2000100000120A,52.0,4,2026-04-22T12:50:00+08:00
L_2000100000260A,59.0,4,2026-04-22T12:50:00+08:00
L_2000100000320A,51.0,4,2026-04-22T12:50:00+08:00
L_2000100000350A,-99.0,-99,2026-04-22T12:50:00+08:00
L_2000100000390A,-99.0,-99,2026-04-22T12:50:00+08:00
L_2000100000500A,66.0,2,2026-04-22T12:50:00+08:00
L_2000100000560A,-99.0,-99,2026-04-22T12:50:00+08:00
L_2000100000710A,68.0,2,2026-04-22T12:50:00+08:00
L_2000100100000A,62.0,3,2026-04-22T12:50:00+08:00
L_2000100100100A,47.0,5,2026-04-22T12:50:00+08:00
L_2000100100140A,54.0,4,2026-04-22T12:50:00+08:00
L_2000100100300A,60.0,3,2026-04-22T12:50:00+08:00
L_2000100100400A,70.0,1,2026-04-22T12:50:00+08:00
L_2000100100560A,67.0,2,2026-04-22T12:50:00+08:00
L_2000100100680F,-99.0,-99,2026-04-22T12:50:00+08:00
L_2000101001000A,53.0,4,2026-04-22T12:50:00+08:00
L_2000101002000A,49.0,5,2026-04-22T12:50:00+08:00
L_2000101004000A,50.0,4,2026-04-22T12:50:00+08:00
L_2000101005000A,-99.0,-99,2026-04-22T12:50:00+08:00
L_2000101007000A,29.0,6,2026-04-22T12:50:00+08:00
L_2000101007010A,39.0,6,2026-04-22T12:50:00+08:00
L_2000101008000A,-99.0,-99,2026-04-22T12:50:00+08:00
L_2000101008010A,-99.0,-99,2026-04-22T12:50:00+08:00
L_2000101010000A,47.0,5,2026-04-22T12:50:00+08:00
L_2000101011000A,-99.0,-99,2026-04-22T12:50:00+08:00
L_2000101012000A,55.0,4,2026-04-22T12:50:00+08:00
L_2000101013000A,55.0,4,2026-04-22T12:50:00+08:00
L_2000101101000A,49.0,5,2026-04-22T12:50:00+08:00
L_2000101104000A,32.0,6,2026-04-22T12:50:00+08:00
L_2000101112010A,33.0,6,2026-04-22T12:50:00+08:00
L_2000101114000A,46.0,5,2026-04-22T12:50:00+08:00
L_2000200000000A,52.0,4,2026-04-22T12:50:00+08:00
L_2000200000060A,67.0,2,2026-04-22T12:50:00+08:00
L_2000200000150A,-99.0,-99,2026-04-22T12:50:00+08:00
L_2000200000200A,74.0,1,2026-04-22T12:50:00+08:00
L_2000200000230A,73.0,1,2026-04-22T12:50:00+08:00
L_2000200000300A,75.0,1,2026-04-22T12:50:00+08:00
L_2000200000390A,79.0,1,2026-04-22T12:50:00+08:00
L_2000200000400A,72.0,1,2026-04-22T12:50:00+08:00
L_2000200000480A,-99.0,-99,2026-04-22T12:50:00+08:00
L_2000200000500A,-99.0,-99,2026-04-22T12:50:00+08:00
L_2000200000590A,-99.0,-99,2026-04-22T12:50:00+08:00
L_2000200100000A,54.0,4,2026-04-22T12:50:00+08:00
L_2000200100060A,55.0,4,2026-04-22T12:50:00+08:00
L_2000200100100A,68.0,2,2026-04-22T12:50:00+08:00
L_2000200100150A,65.0,2,2026-04-22T12:50:00+08:00
L_2000200100200A,64.0,3,2026-04-22T12:50:00+08:00
L_2000200100230A,71.0,1,2026-04-22T12:50:00+08:00
L_2000200100300A,73.0,1,2026-04-22T12:50:00+08:00
L_2000200100380A,-99.0,-99,2026-04-22T12:50:00+08:00
L_2000200100400A,65.0,2,2026-04-22T12:50:00+08:00
L_2000200100530A,26.0,6,2026-04-22T12:50:00+08:00
L_2000200100610A,72.0,1,2026-04-22T12:50:00+08:00
L_2000201002000A,76.0,1,2026-04-22T12:50:00+08:00
L_2000201003000A,-99.0,-99,2026-04-22T12:50:00+08:00
L_2000201003010A,-99.0,-99,2026-04-22T12:50:00+08:00
L_2000201005000A,-99.0,-99,2026-04-22T12:50:00+08:00
L_2000201007000A,-99.0,-99,2026-04-22T12:50:00+08:00
L_2000201105000A,44.0,5,2026-04-22T12:50:00+08:00
L_2000300000000A,69.0,2,2026-04-22T12:50:00+08:00
L_2000300000100A,68.0,2,2026-04-22T12:50:00+08:00
L_2000300000130A,70.0,1,2026-04-22T12:50:00+08:00
L_2000300000260A,-99.0,-99,2026-04-22T12:50:00+08:00
L_2000300100000A,70.0,1,2026-04-22T12:50:00+08:00
L_2000300100100A,74.0,1,2026-04-22T12:50:00+08:00
L_2000300100130A,75.0,1,2026-04-22T12:50:00+08:00
L_2000300100270A,-99.0,-99,2026-04-22T12:50:00+08:00
L_2000301001000A,37.0,6,2026-04-22T12:50:00+08:00
L_2000301102000A,47.0,5,2026-04-22T12:50:00+08:00
L_2000301104000A,43.0,5,2026-04-22T12:50:00+08:00
L_2000400000000A,-99.0,-99,2026-04-22T12:50:00+08:00
L_2000400000040A,-99.0,-99,2026-04-22T12:50:00+08:00
L_2000400000150A,-99.0,-99,2026-04-22T12:50:00+08:00
L_2000400000240A,65.0,2,2026-04-22T12:50:00+08:00
L_2000400000300A,-99.0,-99,2026-04-22T12:50:00+08:00
L_2000400000310A,-99.0,-99,2026-04-22T12:50:00+08:00
L_2000400000360A,-99.0,-99,2026-04-22T12:50:00+08:00
L_2000400000400A,-99.0,-99,2026-04-22T12:50:00+08:00
L_2000400000480A,-99.0,-99,2026-04-22T12:50:00+08:00
L_2000400000600A,62.0,3,2026-04-22T12:50:00+08:00
L_2000400100000A,50.0,4,2026-04-22T12:50:00+08:00
L_2000400100060A,-99.0,-99,2026-04-22T12:50:00+08:00
L_2000400100150A,-99.0,-99,2026-04-22T12:50:00+08:00
L_2000400100200A,74.0,1,2026-04-22T12:50:00+08:00
L_2000400100260A,65.0,2,2026-04-22T12:50:00+08:00
L_2000400100300A,59.0,4,2026-04-22T12:50:00+08:00
L_2000400100310A,-99.0,-99,2026-04-22T12:50:00+08:00
L_2000400100360A,63.0,3,2026-04-22T12:50:00+08:00
L_2000400100400A,-99.0,-99,2026-04-22T12:50:00+08:00
L_2000400100520A,53.0,4,2026-04-22T12:50:00+08:00
L_2000401004000A,49.0,5,2026-04-22T12:50:00+08:00
L_2000401004010A,67.0,2,2026-04-22T12:50:00+08:00
L_2000401005000A,45.0,5,2026-04-22T12:50:00+08:00
L_2000401007000A,-99.0,-99,2026-04-22T12:50:00+08:00
L_2000401008000A,57.0,4,2026-04-22T12:50:00+08:00
L_2000401010000A,51.0,4,2026-04-22T12:50:00+08:00
L_2000401011000A,71.0,1,2026-04-22T12:50:00+08:00
L_2000401012000A,39.0,6,2026-04-22T12:50:00+08:00
L_2000401012010A,60.0,3,2026-04-22T12:50:00+08:00
L_2000401013000A,69.0,2,2026-04-22T12:50:00+08:00
L_2000401104000A,74.0,1,2026-04-22T12:50:00+08:00
L_2000401106000A,30.0,6,2026-04-22T12:50:00+08:00
L_2000401106010A,42.0,5,2026-04-22T12:50:00+08:00
L_2000401107000A,-99.0,-99,2026-04-22T12:50:00+08:00
L_2000401108000A,54.0,4,2026-04-22T12:50:00+08:00
L_2000401109000A,62.0,3,2026-04-22T12:50:00+08:00
L_2000401110000A,46.0,5,2026-04-22T12:50:00+08:00
L_2000401112000A,56.0,4,2026-04-22T12:50:00+08:00
L_2000401112010A,60.0,3,2026-04-22T12:50:00+08:00
L_2000500000000A,76.0,1,2026-04-22T12:50:00+08:00
L_2000500000170A,75.0,1,2026-04-22T12:50:00+08:00
L_2000500000200A,77.0,1,2026-04-22T12:50:00+08:00
L_2000500000250A,68.0,2,2026-04-22T12:50:00+08:00
L_2000500100000A,78.0,1,2026-04-22T12:50:00+08:00
L_2000500100160A,91.0,1,2026-04-22T12:50:00+08:00
L_2000500100200A,-99.0,-99,2026-04-22T12:50:00+08:00
L_2000500100250A,-99.0,-99,2026-04-22T12:50:00+08:00
L_2000501001000A,71.0,1,2026-04-22T12:50:00+08:00
L_2000501102000A,75.0,1,2026-04-22T12:50:00+08:00
L_2000501104000A,61.0,3,2026-04-22T12:50:00+08:00
L_2000600000000A,59.0,4,2026-04-22T12:50:00+08:00
L_2000600000100A,61.0,3,2026-04-22T12:50:00+08:00
L_2000600100000A,56.0,4,2026-04-22T12:50:00+08:00
L_2000600100070A,66.0,2,2026-04-22T12:50:00+08:00
L_2000600100130A,63.0,3,2026-04-22T12:50:00+08:00
L_2000601004000A,54.0,4,2026-04-22T12:50:00+08:00
L_2000601005000A,43.0,5,2026-04-22T12:50:00+08:00
L_2000601102000A,-99.0,-99,2026-04-22T12:50:00+08:00
L_2000601103000A,30.0,6,2026-04-22T12:50:00+08:00
L_2000601105010A,51.0,4,2026-04-22T12:50:00+08:00
L_2000700000000A,-99.0,-99,2026-04-22T12:50:00+08:00
L_2000700000060A,44.0,5,2026-04-22T12:50:00+08:00
L_2000700000080A,-99.0,-99,2026-04-22T12:50:00+08:00
L_2000700000100A,-99.0,-99,2026-04-22T12:50:00+08:00
L_2000700000130A,-99.0,-99,2026-04-22T12:50:00+08:00
L_2000700000180A,-99.0,-99,2026-04-22T12:50:00+08:00
L_2000700000200A,41.0,5,2026-04-22T12:50:00+08:00
L_2000700000280A,-99.0,-99,2026-04-22T12:50:00+08:00
L_2000700000300A,68.0,2,2026-04-22T12:50:00+08:00
L_2000700000400A,-99.0,-99,2026-04-22T12:50:00+08:00
L_2000700100000A,53.0,4,2026-04-22T12:50:00+08:00
L_2000700100060A,44.0,5,2026-04-22T12:50:00+08:00
L_2000700100080A,63.0,3,2026-04-22T12:50:00+08:00
L_2000700100100A,-99.0,-99,2026-04-22T12:50:00+08:00
L_2000700100130A,52.0,4,2026-04-22T12:50:00+08:00
L_2000700100180A,-99.0,-99,2026-04-22T12:50:00+08:00
L_2000700100200A,36.0,6,2026-04-22T12:50:00+08:00
L_2000700100210A,57.0,4,2026-04-22T12:50:00+08:00
L_2000700100300A,-99.0,-99,2026-04-22T12:50:00+08:00
L_2000700100400A,78.0,1,2026-04-22T12:50:00+08:00
L_2000701008000A,-99.0,-99,2026-04-22T12:50:00+08:00
L_2000701012000A,-99.0,-99,2026-04-22T12:50:00+08:00
L_2000800000060A,43.0,5,2026-04-22T12:50:00+08:00
L_2000800000100A,68.0,2,2026-04-22T12:50:00+08:00
L_2000800000200A,77.0,1,2026-04-22T12:50:00+08:00
L_2000800000300A,73.0,1,2026-04-22T12:50:00+08:00
L_2000800000330A,68.0,2,2026-04-22T12:50:00+08:00
L_2000800000390A,62.0,3,2026-04-22T12:50:00+08:00
L_2000800100110A,67.0,2,2026-04-22T12:50:00+08:00
L_2000800100170A,67.0,2,2026-04-22T12:50:00+08:00
L_2000800100290A,69.0,2,2026-04-22T12:50:00+08:00
L_2000800100330A,71.0,1,2026-04-22T12:50:00+08:00
L_2000800100400A,63.0,3,2026-04-22T12:50:00+08:00
L_2000801005000A,51.0,4,2026-04-22T12:50:00+08:00
L_2000801008000A,60.0,3,2026-04-22T12:50:00+08:00
L_2000801009000A,59.0,4,2026-04-22T12:50:00+08:00
L_2000801009010A,49.0,5,2026-04-22T12:50:00+08:00
L_2000801011000A,49.0,5,2026-04-22T12:50:00+08:00
L_2000801105000A,42.0,5,2026-04-22T12:50:00+08:00
L_2000801106000A,36.0,6,2026-04-22T12:50:00+08:00
L_2000801107000A,61.0,3,2026-04-22T12:50:00+08:00
L_2000801109000A,54.0,4,2026-04-22T12:50:00+08:00
L_2000801109010A,51.0,4,2026-04-22T12:50:00+08:00
L_2000801110000A,46.0,5,2026-04-22T12:50:00+08:00
L_2000900000000A,-99.0,-99,2026-04-22T12:50:00+08:00
L_2000900000030A,63.0,3,2026-04-22T12:50:00+08:00
L_2000900000100A,81.0,1,2026-04-22T12:50:00+08:00
L_2000900000170A,78.0,1,2026-04-22T12:50:00+08:00
L_2000900000200A,83.0,1,2026-04-22T12:50:00+08:00
L_2000900000230A,76.0,1,2026-04-22T12:50:00+08:00
L_2000900000300A,72.0,1,2026-04-22T12:50:00+08:00
L_2000900000400A,74.0,1,2026-04-22T12:50:00+08:00
L_2000900000500A,67.0,2,2026-04-22T12:50:00+08:00
L_2000900000520A,64.0,3,2026-04-22T12:50:00+08:00
L_2000900000560A,-99.0,-99,2026-04-22T12:50:00+08:00
L_2000900000600A,77.0,1,2026-04-22T12:50:00+08:00
L_2000900000640A,-99.0,-99,2026-04-22T12:50:00+08:00
L_2000900100000A,60.0,3,2026-04-22T12:50:00+08:00
L_2000900100030A,60.0,3,2026-04-22T12:50:00+08:00
L_2000900100100A,79.0,1,2026-04-22T12:50:00+08:00
L_2000900100140A,78.0,1,2026-04-22T12:50:00+08:00
L_2000900100200A,-99.0,-99,2026-04-22T12:50:00+08:00
L_2000900100230A,59.0,4,2026-04-22T12:50:00+08:00
L_2000900100300A,77.0,1,2026-04-22T12:50:00+08:00
L_2000900100400A,78.0,1,2026-04-22T12:50:00+08:00
L_2000900100500A,77.0,1,2026-04-22T12:50:00+08:00
L_2000900100560A,84.0,1,2026-04-22T12:50:00+08:00
L_2000900100600A,79.0,1,2026-04-22T12:50:00+08:00
L_2000900100640A,77.0,1,2026-04-22T12:50:00+08:00
L_2000901001000A,44.0,5,2026-04-22T12:50:00+08:00
L_2000901003000A,50.0,4,2026-04-22T12:50:00+08:00
L_2000901004000A,53.0,4,2026-04-22T12:50:00+08:00
L_2000901006000A,56.0,4,2026-04-22T12:50:00+08:00
L_2000901006010A,64.0,3,2026-04-22T12:50:00+08:00
L_2000901102000A,43.0,5,2026-04-22T12:50:00+08:00
L_2000901103000A,51.0,4,2026-04-22T12:50:00+08:00
L_2000901104000A,64.0,3,2026-04-22T12:50:00+08:00
L_2000901104020A,-99.0,-99,2026-04-22T12:50:00+08:00
L_2000901106010A,51.0,4,2026-04-22T12:50:00+08:00
L_2001000000200A,55.0,4,2026-04-22T12:50:00+08:00
L_2001000000300A,55.0,4,2026-04-22T12:50:00+08:00
L_2001000000340A,74.0,1,2026-04-22T12:50:00+08:00
L_2001000000500A,62.0,3,2026-04-22T12:50:00+08:00
L_2001000000650A,65.0,2,2026-04-22T12:50:00+08:00
L_2001000000700A,-99.0,-99,2026-04-22T12:50:00+08:00
L_2001000000740A,64.0,3,2026-04-22T12:50:00+08:00
L_2001000100000A,52.0,4,2026-04-22T12:50:00+08:00
L_2001000100180A,58.0,4,2026-04-22T12:50:00+08:00
L_2001000100300A,61.0,3,2026-04-22T12:50:00+08:00
L_2001000100380A,54.0,4,2026-04-22T12:50:00+08:00
L_2001000100400A,62.0,3,2026-04-22T12:50:00+08:00
L_2001000100540A,61.0,3,2026-04-22T12:50:00+08:00
L_2001000100600A,68.0,2,2026-04-22T12:50:00+08:00
L_2001000100730A,62.0,3,2026-04-22T12:50:00+08:00
L_2001001001000A,61.0,3,2026-04-22T12:50:00+08:00
L_2001001007010A,66.0,2,2026-04-22T12:50:00+08:00
L_2001001008010A,50.0,4,2026-04-22T12:50:00+08:00
L_2001001012000A,50.0,4,2026-04-22T12:50:00+08:00
L_2001001012020A,47.0,5,2026-04-22T12:50:00+08:00
L_2001001016000A,51.0,4,2026-04-22T12:50:00+08:00
L_2001001016010A,35.0,6,2026-04-22T12:50:00+08:00
L_2001001017000A,26.0,6,2026-04-22T12:50:00+08:00
L_2001001018000A,79.0,1,2026-04-22T12:50:00+08:00
L_2001001108000A,27.0,6,2026-04-22T12:50:00+08:00
L_2001001114000A,54.0,4,2026-04-22T12:50:00+08:00
L_3000110100141A,-99.0,-99,2026-04-22T12:50:00+08:00
L_3000220000031A,-99.0,-99,2026-04-22T12:50:00+08:00
L_3000300000370A,-99.0,-99,2026-04-22T12:50:00+08:00
L_3000500100663A,-99.0,-99,2026-04-22T12:50:00+08:00
L_3000900000195A,-99.0,-99,2026-04-22T12:50:00+08:00
L_3000900100543A,-99.0,-99,2026-04-22T12:50:00+08:00
L_4010600003936A,-99.0,-99,2026-04-22T12:50:00+08:00
L_4010600103968A,-99.0,-99,2026-04-22T12:50:00+08:00
L_4011100000057A,-99.0,-99,2026-04-22T12:50:00+08:00
L_4011100100053A,-99.0,-99,2026-04-22T12:50:00+08:00
L_6000090000000A,-99.0,-99,2026-04-22T12:50:00+08:00
L_6000090000010A,44.0,1,2026-04-22T12:50:00+08:00
L_6000090400000A,-99.0,-99,2026-04-22T12:50:00+08:00
L_6000090400010A,37.0,2,2026-04-22T12:50:00+08:00
L_6000120000020A,-99.0,-99,2026-04-22T12:50:00+08:00
L_6000120400010A,41.0,1,2026-04-22T12:50:00+08:00
L_6000120400030A,-99.0,-99,2026-04-22T12:50:00+08:00
L_6000260000000A,50.0,1,2026-04-22T12:50:00+08:00
L_6000260000010A,-99.0,-99,2026-04-22T12:50:00+08:00
L_6000260400000A,49.0,1,2026-04-22T12:50:00+08:00
L_6000260400010A,22.0,5,2026-04-22T12:50:00+08:00
L_6000270000010A,-99.0,-99,2026-04-22T12:50:00+08:00
L_6000270000020A,52.0,1,2026-04-22T12:50:00+08:00
L_6000270400020A,47.0,1,2026-04-22T12:50:00+08:00
L_6000280000000A,55.0,1,2026-04-22T12:50:00+08:00
L_6000280000050A,43.0,1,2026-04-22T12:50:00+08:00
L_6000280400000A,53.0,1,2026-04-22T12:50:00+08:00
L_6000280400040A,55.0,1,2026-04-22T12:50:00+08:00
L_6000290000010A,47.0,1,2026-04-22T12:50:00+08:00
L_6000290000040A,-99.0,-99,2026-04-22T12:50:00+08:00
L_6000290400000A,41.0,1,2026-04-22T12:50:00+08:00
L_6000290400080A,-99.0,-99,2026-04-22T12:50:00+08:00
L_6000300000030A,52.0,1,2026-04-22T12:50:00+08:00
L_6000300000040A,41.0,1,2026-04-22T12:50:00+08:00
L_6000300400030A,40.0,1,2026-04-22T12:50:00+08:00
L_6000300400040A,44.0,1,2026-04-22T12:50:00+08:00
L_6000310000000A,61.0,1,2026-04-22T12:50:00+08:00
L_6000310000010A,48.0,1,2026-04-22T12:50:00+08:00
L_6000310000030A,43.0,1,2026-04-22T12:50:00+08:00
L_6000310400000A,53.0,1,2026-04-22T12:50:00+08:00
L_6000310400010A,40.0,1,2026-04-22T12:50:00+08:00
L_6000310400030A,40.0,1,2026-04-22T12:50:00+08:00
L_6000340000010A,38.0,2,2026-04-22T12:50:00+08:00
L_6000340000040A,77.0,1,2026-04-22T12:50:00+08:00
L_6000340400010A,45.0,1,2026-04-22T12:50:00+08:00
L_6000340400040A,46.0,1,2026-04-22T12:50:00+08:00
L_6000430200010A,44.0,1,2026-04-22T12:50:00+08:00
L_6000430200070A,46.0,1,2026-04-22T12:50:00+08:00
L_6000430200090A,-99.0,-99,2026-04-22T12:50:00+08:00
L_6000430200130A,-99.0,-99,2026-04-22T12:50:00+08:00
L_6000430600010A,64.0,1,2026-04-22T12:50:00+08:00
L_6000430600080A,51.0,1,2026-04-22T12:50:00+08:00
L_6000430600100A,-99.0,-99,2026-04-22T12:50:00+08:00
L_6000430600140A,-99.0,-99,2026-04-22T12:50:00+08:00
L_6000460300000A,53.0,1,2026-04-22T12:50:00+08:00
L_6000520300000A,-99.0,-99,2026-04-22T12:50:00+08:00
L_6000520300050A,42.0,1,2026-04-22T12:50:00+08:00
L_6000520700000A,-99.0,-99,2026-04-22T12:50:00+08:00
L_6000520700060A,40.0,1,2026-04-22T12:50:00+08:00
L_6000600200000A,38.0,2,2026-04-22T12:50:00+08:00
L_6000600200010A,44.0,1,2026-04-22T12:50:00+08:00
L_6000600600000A,50.0,1,2026-04-22T12:50:00+08:00
L_6000600600010A,48.0,1,2026-04-22T12:50:00+08:00
L_6000610200000A,45.0,1,2026-04-22T12:50:00+08:00
L_6000610200010A,35.0,2,2026-04-22T12:50:00+08:00
L_6000610600000A,38.0,2,2026-04-22T12:50:00+08:00
L_6000610600010A,50.0,1,2026-04-22T12:50:00+08:00
L_6000620200000A,46.0,1,2026-04-22T12:50:00+08:00
L_6000620200030A,-99.0,-99,2026-04-22T12:50:00+08:00
L_6000620200040A,-99.0,-99,2026-04-22T12:50:00+08:00
L_6000620600000A,51.0,1,2026-04-22T12:50:00+08:00
L_6000620600030A,-99.0,-99,2026-04-22T12:50:00+08:00
L_6000620600040A,52.0,1,2026-04-22T12:50:00+08:00
L_6000650500030A,36.0,2,2026-04-22T12:50:00+08:00
L_6000660500000A,42.0,1,2026-04-22T12:50:00+08:00
L_6000670000010A,32.0,3,2026-04-22T12:50:00+08:00
L_6000670400010A,48.0,1,2026-04-22T12:50:00+08:00
L_6000680000020A,39.0,2,2026-04-22T12:50:00+08:00
L_6000740300000A,-99.0,-99,2026-04-22T12:50:00+08:00
L_6000740300010A,-99.0,-99,2026-04-22T12:50:00+08:00
L_6000740700000A,-99.0,-99,2026-04-22T12:50:00+08:00
L_6000740700010A,-99.0,-99,2026-04-22T12:50:00+08:00
L_6000750200000A,34.0,3,2026-04-22T12:50:00+08:00
L_6000750200010A,35.0,2,2026-04-22T12:50:00+08:00
L_6000760200000A,34.0,3,2026-04-22T12:50:00+08:00
L_6000760200010A,35.0,2,2026-04-22T12:50:00+08:00
L_6000770200000A,37.0,2,2026-04-22T12:50:00+08:00
L_6000770200040A,30.0,3,2026-04-22T12:50:00+08:00
L_6000780200000A,37.0,2,2026-04-22T12:50:00+08:00
L_6000780200020A,38.0,2,2026-04-22T12:50:00+08:00
L_6000780600000A,42.0,1,2026-04-22T12:50:00+08:00
L_6000780600030A,29.0,4,2026-04-22T12:50:00+08:00
L_6000820200020A,48.0,1,2026-04-22T12:50:00+08:00
L_6000820200030A,39.0,2,2026-04-22T12:50:00+08:00
L_6000820600020A,43.0,1,2026-04-22T12:50:00+08:00
L_6000820600030A,49.0,1,2026-04-22T12:50:00+08:00
L_6000830000000A,-99.0,-99,2026-04-22T12:50:00+08:00
L_6000830000010A,33.0,3,2026-04-22T12:50:00+08:00
L_6000830000030A,32.0,3,2026-04-22T12:50:00+08:00
L_6000830000040A,47.0,1,2026-04-22T12:50:00+08:00
L_6000830400000A,-99.0,-99,2026-04-22T12:50:00+08:00
L_6000830400010A,20.0,5,2026-04-22T12:50:00+08:00
L_6000830400030A,26.0,4,2026-04-22T12:50:00+08:00
L_6000830400040A,53.0,1,2026-04-22T12:50:00+08:00
L_6000840000000A,29.0,4,2026-04-22T12:50:00+08:00
L_6000840000030A,32.0,3,2026-04-22T12:50:00+08:00
L_6000840000040A,-99.0,-99,2026-04-22T12:50:00+08:00
L_6000840000050A,25.0,4,2026-04-22T12:50:00+08:00
L_6000840400000A,38.0,2,2026-04-22T12:50:00+08:00
L_6000840400010A,-99.0,-99,2026-04-22T12:50:00+08:00
L_6000840400030A,-99.0,-99,2026-04-22T12:50:00+08:00
L_6000840400040A,33.0,3,2026-04-22T12:50:00+08:00
L_6000900A00000A,-99.0,-99,2026-04-22T12:50:00+08:00
L_6000900A00010A,-99.0,-99,2026-04-22T12:50:00+08:00
L_6000900A00030A,-99.0,-99,2026-04-22T12:50:00+08:00
L_6000900A00040A,-99.0,-99,2026-04-22T12:50:00+08:00
L_6000910200000A,36.0,2,2026-04-22T12:50:00+08:00
L_6000910200010A,27.0,4,2026-04-22T12:50:00+08:00
L_6000910200020A,38.0,2,2026-04-22T12:50:00+08:00
L_6000910200030A,-99.0,-99,2026-04-22T12:50:00+08:00
L_6000910200040A,-99.0,-99,2026-04-22T12:50:00+08:00
L_6000910200050A,-99.0,-99,2026-04-22T12:50:00+08:00
L_6000910600000A,28.0,4,2026-04-22T12:50:00+08:00
L_6000910600010A,28.0,4,2026-04-22T12:50:00+08:00
L_6000910600020A,34.0,3,2026-04-22T12:50:00+08:00
L_6000910600030A,-99.0,-99,2026-04-22T12:50:00+08:00
L_6000910600040A,-99.0,-99,2026-04-22T12:50:00+08:00
L_6000910600050A,-99.0,-99,2026-04-22T12:50:00+08:00
L_6000940200010A,39.0,2,2026-04-22T12:50:00+08:00
L_6000940600010A,41.0,1,2026-04-22T12:50:00+08:00
L_6000950200000A,37.0,2,2026-04-22T12:50:00+08:00
L_6000950200050A,-99.0,-99,2026-04-22T12:50:00+08:00
L_6000950200060A,35.0,2,2026-04-22T12:50:00+08:00
L_6000950600000A,37.0,2,2026-04-22T12:50:00+08:00
L_6000950600050A,-99.0,-99,2026-04-22T12:50:00+08:00
L_6000950600060A,45.0,1,2026-04-22T12:50:00+08:00
L_6000960200000A,45.0,1,2026-04-22T12:50:00+08:00
L_6000960600000A,47.0,1,2026-04-22T12:50:00+08:00
L_6000970200000A,43.0,1,2026-04-22T12:50:00+08:00
L_6000970200020A,42.0,1,2026-04-22T12:50:00+08:00
L_6000970200050A,39.0,2,2026-04-22T12:50:00+08:00
L_6000970600000A,67.0,1,2026-04-22T12:50:00+08:00
L_6000970600020A,52.0,1,2026-04-22T12:50:00+08:00
L_6000970600050A,22.0,5,2026-04-22T12:50:00+08:00
L_6001120000060A,40.0,1,2026-04-22T12:50:00+08:00
L_6001120000070A,-99.0,-99,2026-04-22T12:50:00+08:00
L_6001120200000A,-99.0,-99,2026-04-22T12:50:00+08:00
L_6001120200010A,48.0,1,2026-04-22T12:50:00+08:00
L_6001120200020A,-99.0,-99,2026-04-22T12:50:00+08:00
L_6001120200030A,-99.0,-99,2026-04-22T12:50:00+08:00
L_6001120200040A,-99.0,-99,2026-04-22T12:50:00+08:00
L_6001120200050A,-99.0,-99,2026-04-22T12:50:00+08:00
L_6001120200080A,-99.0,-99,2026-04-22T12:50:00+08:00
L_6001120200090A,-99.0,-99,2026-04-22T12:50:00+08:00
L_6001120200100A,-99.0,-99,2026-04-22T12:50:00+08:00
L_6001120200110A,-99.0,-99,2026-04-22T12:50:00+08:00
L_6001120200120A,-99.0,-99,2026-04-22T12:50:00+08:00
L_6001120400060A,39.0,2,2026-04-22T12:50:00+08:00
L_6001120400070A,-99.0,-99,2026-04-22T12:50:00+08:00
L_6001120600010A,51.0,1,2026-04-22T12:50:00+08:00
L_6001120600020A,-99.0,-99,2026-04-22T12:50:00+08:00
L_6001120600030A,-99.0,-99,2026-04-22T12:50:00+08:00
L_6001120600040A,-99.0,-99,2026-04-22T12:50:00+08:00
L_6001120600050A,-99.0,-99,2026-04-22T12:50:00+08:00
L_6001120600080A,-99.0,-99,2026-04-22T12:50:00+08:00
L_6001120600090A,27.0,4,2026-04-22T12:50:00+08:00
L_6001120600100A,-99.0,-99,2026-04-22T12:50:00+08:00
L_6001180200000A,-99.0,-99,2026-04-22T12:50:00+08:00
L_6001180600000A,11.0,6,2026-04-22T12:50:00+08:00
L_6001190200010A,30.0,3,2026-04-22T12:50:00+08:00
L_6001190600010A,32.0,3,2026-04-22T12:50:00+08:00
L_6001240200030A,39.0,2,2026-04-22T12:50:00+08:00
L_6001240200070A,28.0,4,2026-04-22T12:50:00+08:00
L_6001240600030A,39.0,2,2026-04-22T12:50:00+08:00
L_6001240600070A,33.0,3,2026-04-22T12:50:00+08:00
L_6001330200000A,-99.0,-99,2026-04-22T12:50:00+08:00
L_6001330200030A,-99.0,-99,2026-04-22T12:50:00+08:00
L_6001330600030A,-99.0,-99,2026-04-22T12:50:00+08:00
L_6001340200020A,39.0,2,2026-04-22T12:50:00+08:00
L_6001340600020A,33.0,3,2026-04-22T12:50:00+08:00
L_6001410000000A,-99.0,-99,2026-04-22T12:50:00+08:00
L_6001410000040A,35.0,2,2026-04-22T12:50:00+08:00
L_6001410000050A,38.0,2,2026-04-22T12:50:00+08:00
L_6001410400000A,-99.0,-99,2026-04-22T12:50:00+08:00
L_6001410400040A,40.0,1,2026-04-22T12:50:00+08:00
L_6001410400050A,31.0,3,2026-04-22T12:50:00+08:00
L_6001460A00010A,-99.0,-99,2026-04-22T12:50:00+08:00
L_6001460A00020A,-99.0,-99,2026-04-22T12:50:00+08:00
L_6001460A00030A,-99.0,-99,2026-04-22T12:50:00+08:00
L_6001470000010A,47.0,1,2026-04-22T12:50:00+08:00
L_6001470000040A,39.0,2,2026-04-22T12:50:00+08:00
L_6001470400010A,41.0,1,2026-04-22T12:50:00+08:00
L_6001470400040A,33.0,3,2026-04-22T12:50:00+08:00
L_6001490200000A,59.0,1,2026-04-22T12:50:00+08:00
L_6001490200020A,-99.0,-99,2026-04-22T12:50:00+08:00
L_6001490600000A,46.0,1,2026-04-22T12:50:00+08:00
L_6001490600020A,-99.0,-99,2026-04-22T12:50:00+08:00
L_6001500200010A,37.0,2,2026-04-22T12:50:00+08:00
L_6001500600010A,33.0,3,2026-04-22T12:50:00+08:00
L_6001500600020A,39.0,2,2026-04-22T12:50:00+08:00
L_6001510300000A,48.0,1,2026-04-22T12:50:00+08:00
L_6001510300050A,27.0,4,2026-04-22T12:50:00+08:00
L_6001510700070A,42.0,1,2026-04-22T12:50:00+08:00
L_6001530200010A,53.0,1,2026-04-22T12:50:00+08:00
L_6001530600010A,46.0,1,2026-04-22T12:50:00+08:00
L_6001540300010A,-99.0,-99,2026-04-22T12:50:00+08:00
L_6001540300040A,-99.0,-99,2026-04-22T12:50:00+08:00
L_6001540700010A,-99.0,-99,2026-04-22T12:50:00+08:00
L_6001540700030A,39.0,2,2026-04-22T12:50:00+08:00
L_6001540700040A,-99.0,-99,2026-04-22T12:50:00+08:00
L_6001550200040A,47.0,1,2026-04-22T12:50:00+08:00
L_6001670300020A,47.0,1,2026-04-22T12:50:00+08:00
L_6001670700020A,28.0,4,2026-04-22T12:50:00+08:00
L_6001680000010A,38.0,2,2026-04-22T12:50:00+08:00
L_6001680000030A,42.0,1,2026-04-22T12:50:00+08:00
L_6001680400000A,-99.0,-99,2026-04-22T12:50:00+08:00
L_6001680400010A,53.0,1,2026-04-22T12:50:00+08:00
L_6001680400030A,45.0,1,2026-04-22T12:50:00+08:00
L_6001700100000A,-99.0,-99,2026-04-22T12:50:00+08:00
L_6001700100020A,-99.0,-99,2026-04-22T12:50:00+08:00
L_6001700100050A,56.0,1,2026-04-22T12:50:00+08:00
L_6001700500000A,-99.0,-99,2026-04-22T12:50:00+08:00
L_6001700500040A,33.0,3,2026-04-22T12:50:00+08:00
L_6001700500060A,42.0,1,2026-04-22T12:50:00+08:00
L_6001700500080A,32.0,3,2026-04-22T12:50:00+08:00
L_6001702100060A,31.0,3,2026-04-22T12:50:00+08:00
L_6001702100090A,49.0,1,2026-04-22T12:50:00+08:00
L_6001702500050A,22.0,5,2026-04-22T12:50:00+08:00
L_6001710100010A,35.0,2,2026-04-22T12:50:00+08:00
L_6001710100040A,27.0,4,2026-04-22T12:50:00+08:00
L_6001710500030A,30.0,3,2026-04-22T12:50:00+08:00
L_6001710500060A,-99.0,-99,2026-04-22T12:50:00+08:00
L_6001710500070A,32.0,3,2026-04-22T12:50:00+08:00
L_6001720100000A,46.0,1,2026-04-22T12:50:00+08:00
L_6001720500010A,39.0,2,2026-04-22T12:50:00+08:00
L_6001730100000A,38.0,2,2026-04-22T12:50:00+08:00
L_6001730500010A,45.0,1,2026-04-22T12:50:00+08:00
L_6001750000000A,-99.0,-99,2026-04-22T12:50:00+08:00
L_6001750000010A,-99.0,-99,2026-04-22T12:50:00+08:00
L_6001750400020A,-99.0,-99,2026-04-22T12:50:00+08:00
L_6001780000000A,52.0,1,2026-04-22T12:50:00+08:00
L_6001780000010A,48.0,1,2026-04-22T12:50:00+08:00
L_6001780400000A,61.0,1,2026-04-22T12:50:00+08:00
L_6001910200000A,51.0,1,2026-04-22T12:50:00+08:00
L_6001910600000A,52.0,1,2026-04-22T12:50:00+08:00
L_6001920600000A,53.0,1,2026-04-22T12:50:00+08:00
L_6001930600000A,63.0,1,2026-04-22T12:50:00+08:00
L_6001960400040A,53.0,1,2026-04-22T12:50:00+08:00
L_6002180300000A,-99.0,-99,2026-04-22T12:50:00+08:00
L_6002180300020A,47.0,1,2026-04-22T12:50:00+08:00
L_6002180700000A,-99.0,-99,2026-04-22T12:50:00+08:00
L_6002180700020A,35.0,2,2026-04-22T12:50:00+08:00
L_6002190000000A,45.0,1,2026-04-22T12:50:00+08:00
L_6002190400000A,50.0,1,2026-04-22T12:50:00+08:00
L_6002220200080A,-99.0,-99,2026-04-22T12:50:00+08:00
L_6002220600080A,-99.0,-99,2026-04-22T12:50:00+08:00
L_6002650200000A,40.0,1,2026-04-22T12:50:00+08:00
L_6002650600000A,39.0,2,2026-04-22T12:50:00+08:00
L_6002660200010A,49.0,1,2026-04-22T12:50:00+08:00
L_6002660600010A,45.0,1,2026-04-22T12:50:00+08:00
L_6002670200010A,50.0,1,2026-04-22T12:50:00+08:00
L_6002670200030A,44.0,1,2026-04-22T12:50:00+08:00
L_6002670600020A,37.0,2,2026-04-22T12:50:00+08:00
L_6002670600030A,32.0,3,2026-04-22T12:50:00+08:00
L_6002680200010A,40.0,1,2026-04-22T12:50:00+08:00
L_6002680200020A,-99.0,-99,2026-04-22T12:50:00+08:00
L_6002680600010A,43.0,1,2026-04-22T12:50:00+08:00
L_6002690200000A,49.0,1,2026-04-22T12:50:00+08:00
L_6002690600000A,-99.0,-99,2026-04-22T12:50:00+08:00
L_6002700200010A,41.0,1,2026-04-22T12:50:00+08:00
L_6002700600010A,34.0,3,2026-04-22T12:50:00+08:00
L_6002710200010A,38.0,2,2026-04-22T12:50:00+08:00
L_6002710600010A,22.0,5,2026-04-22T12:50:00+08:00
L_6002720200000A,28.0,4,2026-04-22T12:50:00+08:00
L_6002720600000A,52.0,1,2026-04-22T12:50:00+08:00
L_6002800000040A,38.0,2,2026-04-22T12:50:00+08:00
L_6002800400040A,38.0,2,2026-04-22T12:50:00+08:00
L_6002840300020A,-99.0,-99,2026-04-22T12:50:00+08:00
L_6002840700020A,-99.0,-99,2026-04-22T12:50:00+08:00
L_6002960300020A,40.0,1,2026-04-22T12:50:00+08:00
L_6002960300040A,-99.0,-99,2026-04-22T12:50:00+08:00
L_6002960700010A,51.0,1,2026-04-22T12:50:00+08:00
L_6002960700020A,50.0,1,2026-04-22T12:50:00+08:00
L_6002960700040A,-99.0,-99,2026-04-22T12:50:00+08:00
L_6003020000020A,42.0,1,2026-04-22T12:50:00+08:00
L_6003020400010A,49.0,1,2026-04-22T12:50:00+08:00
L_6003030000010A,-99.0,-99,2026-04-22T12:50:00+08:00
L_6003030000020A,36.0,2,2026-04-22T12:50:00+08:00
L_6003030400010A,-99.0,-99,2026-04-22T12:50:00+08:00
L_6003030400020A,39.0,2,2026-04-22T12:50:00+08:00
L_6003040300010A,44.0,1,2026-04-22T12:50:00+08:00
L_6003040700010A,-99.0,-99,2026-04-22T12:50:00+08:00
L_6003050000000A,29.0,4,2026-04-22T12:50:00+08:00
L_6003050000030A,37.0,2,2026-04-22T12:50:00+08:00
L_6003050000050A,47.0,1,2026-04-22T12:50:00+08:00
L_6003050400000A,14.0,6,2026-04-22T12:50:00+08:00
L_6003050400020A,36.0,2,2026-04-22T12:50:00+08:00
L_6003050400050A,36.0,2,2026-04-22T12:50:00+08:00
L_6003060000000A,41.0,1,2026-04-22T12:50:00+08:00
L_6003060400000A,35.0,2,2026-04-22T12:50:00+08:00
L_6003140000000A,46.0,1,2026-04-22T12:50:00+08:00
L_6003140400000A,58.0,1,2026-04-22T12:50:00+08:00
L_6003200000000A,45.0,1,2026-04-22T12:50:00+08:00
L_6003200000040A,38.0,2,2026-04-22T12:50:00+08:00
L_6003200400030A,-99.0,-99,2026-04-22T12:50:00+08:00
L_6003200400050A,58.0,1,2026-04-22T12:50:00+08:00
L_6003210000020A,48.0,1,2026-04-22T12:50:00+08:00
L_6003210400020A,48.0,1,2026-04-22T12:50:00+08:00
L_6003210400040A,41.0,1,2026-04-22T12:50:00+08:00
L_6003220000000A,-99.0,-99,2026-04-22T12:50:00+08:00
L_6003220000010A,36.0,2,2026-04-22T12:50:00+08:00
L_6003220400000A,-99.0,-99,2026-04-22T12:50:00+08:00
L_6003220400010A,13.0,6,2026-04-22T12:50:00+08:00
L_6003260200020A,40.0,1,2026-04-22T12:50:00+08:00
L_6003260600020A,44.0,1,2026-04-22T12:50:00+08:00
L_6003330200020A,63.0,1,2026-04-22T12:50:00+08:00
L_6003330200030A,-99.0,-99,2026-04-22T12:50:00+08:00
L_6003330600020A,48.0,1,2026-04-22T12:50:00+08:00
L_6003330600030A,-99.0,-99,2026-04-22T12:50:00+08:00
L_6003340200000A,51.0,1,2026-04-22T12:50:00+08:00
L_6003340200020A,39.0,2,2026-04-22T12:50:00+08:00
L_6003340600000A,41.0,1,2026-04-22T12:50:00+08:00
L_6003340600020A,40.0,1,2026-04-22T12:50:00+08:00
L_6003350200010A,46.0,1,2026-04-22T12:50:00+08:00
L_6003350600010A,33.0,3,2026-04-22T12:50:00+08:00
L_6003360200000A,58.0,1,2026-04-22T12:50:00+08:00
L_6003360200010A,55.0,1,2026-04-22T12:50:00+08:00
L_6003360200020A,-99.0,-99,2026-04-22T12:50:00+08:00
L_6003360200040A,43.0,1,2026-04-22T12:50:00+08:00
L_6003360600000A,46.0,1,2026-04-22T12:50:00+08:00
L_6003360600010A,61.0,1,2026-04-22T12:50:00+08:00
L_6003360600020A,-99.0,-99,2026-04-22T12:50:00+08:00
L_6003360600030A,-99.0,-99,2026-04-22T12:50:00+08:00
L_6003360600040A,44.0,1,2026-04-22T12:50:00+08:00
L_6003370200000A,-99.0,-99,2026-04-22T12:50:00+08:00
L_6003370200010A,32.0,3,2026-04-22T12:50:00+08:00
L_6003370200020A,42.0,1,2026-04-22T12:50:00+08:00
L_6003370600000A,-99.0,-99,2026-04-22T12:50:00+08:00
L_6003370600020A,39.0,2,2026-04-22T12:50:00+08:00
L_6003390100000A,53.0,1,2026-04-22T12:50:00+08:00
L_6003390100010A,42.0,1,2026-04-22T12:50:00+08:00
L_6003390500000A,46.0,1,2026-04-22T12:50:00+08:00
L_6003400200010A,43.0,1,2026-04-22T12:50:00+08:00
L_6003400600010A,41.0,1,2026-04-22T12:50:00+08:00
L_6003420200020A,42.0,1,2026-04-22T12:50:00+08:00
L_6003430200020A,37.0,2,2026-04-22T12:50:00+08:00
L_6003460100010A,44.0,1,2026-04-22T12:50:00+08:00
L_6003460500010A,44.0,1,2026-04-22T12:50:00+08:00
L_6003470000000A,43.0,1,2026-04-22T12:50:00+08:00
L_6003470400000A,47.0,1,2026-04-22T12:50:00+08:00
L_6003500100010A,42.0,1,2026-04-22T12:50:00+08:00
L_6003500500010A,26.0,4,2026-04-22T12:50:00+08:00
L_6003540600010A,-99.0,-99,2026-04-22T12:50:00+08:00
L_6003620A00000A,-99.0,-99,2026-04-22T12:50:00+08:00
L_6003620A00010A,-99.0,-99,2026-04-22T12:50:00+08:00
L_6003620A00020A,-99.0,-99,2026-04-22T12:50:00+08:00
L_6003620A00030A,-99.0,-99,2026-04-22T12:50:00+08:00
L_6003650000000A,46.0,1,2026-04-22T12:50:00+08:00
L_6003650000030A,47.0,1,2026-04-22T12:50:00+08:00
L_6003650000040A,-99.0,-99,2026-04-22T12:50:00+08:00
L_6003650000050A,-99.0,-99,2026-04-22T12:50:00+08:00
L_6003650000060A,-99.0,-99,2026-04-22T12:50:00+08:00
L_6003650000070A,-99.0,-99,2026-04-22T12:50:00+08:00
L_6003650000080A,-99.0,-99,2026-04-22T12:50:00+08:00
L_6003650000090A,-99.0,-99,2026-04-22T12:50:00+08:00
L_6003650000100A,-99.0,-99,2026-04-22T12:50:00+08:00
L_6003650400000A,41.0,1,2026-04-22T12:50:00+08:00
L_6003650400030A,47.0,1,2026-04-22T12:50:00+08:00
L_6003650400040A,-99.0,-99,2026-04-22T12:50:00+08:00
L_6003650400050A,-99.0,-99,2026-04-22T12:50:00+08:00
L_6003650400060A,-99.0,-99,2026-04-22T12:50:00+08:00
L_6003650400070A,-99.0,-99,2026-04-22T12:50:00+08:00
L_6003660000000A,-99.0,-99,2026-04-22T12:50:00+08:00
L_6003660400000A,-99.0,-99,2026-04-22T12:50:00+08:00
L_6003660500010A,45.0,1,2026-04-22T12:50:00+08:00
L_6003670100010A,-99.0,-99,2026-04-22T12:50:00+08:00
L_6003670100020A,-99.0,-99,2026-04-22T12:50:00+08:00
L_6003670500020A,39.0,2,2026-04-22T12:50:00+08:00
L_6003680700010A,48.0,1,2026-04-22T12:50:00+08:00
L_6003700600010A,33.0,3,2026-04-22T12:50:00+08:00
L_6003710000000A,-99.0,-99,2026-04-22T12:50:00+08:00
L_6003710400000A,-99.0,-99,2026-04-22T12:50:00+08:00
L_6003720000000A,-99.0,-99,2026-04-22T12:50:00+08:00
L_6003720000010A,41.0,1,2026-04-22T12:50:00+08:00
L_6003720400000A,-99.0,-99,2026-04-22T12:50:00+08:00
L_6003720400020A,39.0,2,2026-04-22T12:50:00+08:00
L_6003730000020A,52.0,1,2026-04-22T12:50:00+08:00
L_6003730000050A,52.0,1,2026-04-22T12:50:00+08:00
L_6003730400010A,52.0,1,2026-04-22T12:50:00+08:00
L_6003730400040A,40.0,1,2026-04-22T12:50:00+08:00
L_6003740300000A,41.0,1,2026-04-22T12:50:00+08:00
L_6003740300010A,-99.0,-99,2026-04-22T12:50:00+08:00
L_6003740300020A,-99.0,-99,2026-04-22T12:50:00+08:00
L_6003740700010A,65.0,1,2026-04-22T12:50:00+08:00
L_6003750300000A,65.0,1,2026-04-22T12:50:00+08:00
L_6003750700000A,50.0,1,2026-04-22T12:50:00+08:00
L_6003760400000A,-99.0,-99,2026-04-22T12:50:00+08:00
L_6003770300010A,50.0,1,2026-04-22T12:50:00+08:00
L_6003770300020A,47.0,1,2026-04-22T12:50:00+08:00
L_6003770700030A,53.0,1,2026-04-22T12:50:00+08:00
L_6003790300010A,47.0,1,2026-04-22T12:50:00+08:00
L_6003790700010A,63.0,1,2026-04-22T12:50:00+08:00
L_6003880300000A,-99.0,-99,2026-04-22T12:50:00+08:00
L_6003890000010A,47.0,1,2026-04-22T12:50:00+08:00
L_6003890000030A,60.0,1,2026-04-22T12:50:00+08:00
L_6003890400010A,33.0,3,2026-04-22T12:50:00+08:00
L_6003890400030A,46.0,1,2026-04-22T12:50:00+08:00
L_6003920000000A,56.0,1,2026-04-22T12:50:00+08:00
L_6003920000010A,45.0,1,2026-04-22T12:50:00+08:00
L_6003920000020A,53.0,1,2026-04-22T12:50:00+08:00
L_6003920000030A,45.0,1,2026-04-22T12:50:00+08:00
L_6003920400000A,56.0,1,2026-04-22T12:50:00+08:00
L_6003920400010A,60.0,1,2026-04-22T12:50:00+08:00
L_6003920400020A,55.0,1,2026-04-22T12:50:00+08:00
L_6003920400030A,41.0,1,2026-04-22T12:50:00+08:00
L_6003930000000A,51.0,1,2026-04-22T12:50:00+08:00
L_6003930400000A,46.0,1,2026-04-22T12:50:00+08:00
L_6003980000000A,-99.0,-99,2026-04-22T12:50:00+08:00
L_6003980000010A,-99.0,-99,2026-04-22T12:50:00+08:00
L_6003980000020A,-99.0,-99,2026-04-22T12:50:00+08:00
L_6003980000030A,-99.0,-99,2026-04-22T12:50:00+08:00
L_6003980400000A,-99.0,-99,2026-04-22T12:50:00+08:00
L_6003980400010A,-99.0,-99,2026-04-22T12:50:00+08:00
L_6003980400020A,-99.0,-99,2026-04-22T12:50:00+08:00
L_6003990400000A,-99.0,-99,2026-04-22T12:50:00+08:00
L_6004020200000A,-99.0,-99,2026-04-22T12:50:00+08:00
L_6004020600000A,-99.0,-99,2026-04-22T12:50:00+08:00
L_6004050300010A,45.0,1,2026-04-22T12:50:00+08:00
L_6004050700020A,45.0,1,2026-04-22T12:50:00+08:00
L_6004060000100A,-99.0,-99,2026-04-22T12:50:00+08:00
L_6004060400100A,-99.0,-99,2026-04-22T12:50:00+08:00
L_6004090000000A,44.0,1,2026-04-22T12:50:00+08:00
L_6004090000010A,40.0,1,2026-04-22T12:50:00+08:00
L_6004090400000A,32.0,3,2026-04-22T12:50:00+08:00
L_6004090400010A,44.0,1,2026-04-22T12:50:00+08:00
L_6004100100000A,-99.0,-99,2026-04-22T12:50:00+08:00
L_6004100500000A,-99.0,-99,2026-04-22T12:50:00+08:00
L_6004260000010A,46.0,1,2026-04-22T12:50:00+08:00
L_6004260000030A,54.0,1,2026-04-22T12:50:00+08:00
L_6004260400010A,38.0,2,2026-04-22T12:50:00+08:00
L_6004260400030A,56.0,1,2026-04-22T12:50:00+08:00
L_6004270000000A,-99.0,-99,2026-04-22T12:50:00+08:00
L_6004270400000A,-99.0,-99,2026-04-22T12:50:00+08:00
L_6004280000000A,23.0,5,2026-04-22T12:50:00+08:00
L_6004280000010A,34.0,3,2026-04-22T12:50:00+08:00
L_6004280400000A,32.0,3,2026-04-22T12:50:00+08:00
L_6004280400010A,36.0,2,2026-04-22T12:50:00+08:00
L_6004320000000A,-99.0,-99,2026-04-22T12:50:00+08:00
L_6004360100000A,-99.0,-99,2026-04-22T12:50:00+08:00
L_6004360100010A,45.0,1,2026-04-22T12:50:00+08:00
L_6004360100020A,-99.0,-99,2026-04-22T12:50:00+08:00
L_6004360100030A,67.0,1,2026-04-22T12:50:00+08:00
L_6004360100040A,67.0,1,2026-04-22T12:50:00+08:00
L_6004360500010A,45.0,1,2026-04-22T12:50:00+08:00
L_6004360500030A,53.0,1,2026-04-22T12:50:00+08:00
L_6004360500040A,55.0,1,2026-04-22T12:50:00+08:00
L_6004550100000A,44.0,1,2026-04-22T12:50:00+08:00
L_6004550500000A,43.0,1,2026-04-22T12:50:00+08:00
L_6004570200020A,42.0,1,2026-04-22T12:50:00+08:00
L_6004570600020A,37.0,2,2026-04-22T12:50:00+08:00
L_6004600100000A,64.0,1,2026-04-22T12:50:00+08:00
L_6004600500000A,46.0,1,2026-04-22T12:50:00+08:00
L_6004600500030A,-99.0,-99,2026-04-22T12:50:00+08:00
L_6004610200010A,56.0,1,2026-04-22T12:50:00+08:00
L_6004670000020A,41.0,1,2026-04-22T12:50:00+08:00
L_6004670000040A,33.0,3,2026-04-22T12:50:00+08:00
L_6004680000000A,45.0,1,2026-04-22T12:50:00+08:00
L_6004680000010A,-99.0,-99,2026-04-22T12:50:00+08:00
L_6004830000010A,31.0,3,2026-04-22T12:50:00+08:00
L_6004830000020A,30.0,3,2026-04-22T12:50:00+08:00
L_6004830000030A,43.0,1,2026-04-22T12:50:00+08:00
L_6004830400010A,36.0,2,2026-04-22T12:50:00+08:00
L_6004830400050A,31.0,3,2026-04-22T12:50:00+08:00
L_6004870200020A,37.0,2,2026-04-22T12:50:00+08:00
L_6004870200030A,35.0,2,2026-04-22T12:50:00+08:00
L_6004870600020A,26.0,4,2026-04-22T12:50:00+08:00
L_6004920000000A,21.0,5,2026-04-22T12:50:00+08:00
L_6004920400000A,41.0,1,2026-04-22T12:50:00+08:00
L_6004930000030A,-99.0,-99,2026-04-22T12:50:00+08:00
L_6004930000040A,-99.0,-99,2026-04-22T12:50:00+08:00
L_6004930000050A,39.0,2,2026-04-22T12:50:00+08:00
L_6004930000080A,44.0,1,2026-04-22T12:50:00+08:00
L_6004930400010A,-99.0,-99,2026-04-22T12:50:00+08:00
L_6004930400020A,-99.0,-99,2026-04-22T12:50:00+08:00
L_6004930400030A,35.0,2,2026-04-22T12:50:00+08:00
L_6004930400060A,53.0,1,2026-04-22T12:50:00+08:00
L_6004960200010A,23.0,5,2026-04-22T12:50:00+08:00
L_6004960600020A,20.0,5,2026-04-22T12:50:00+08:00
L_6004960600030A,-99.0,-99,2026-04-22T12:50:00+08:00
L_6004980000000A,-99.0,-99,2026-04-22T12:50:00+08:00
L_6004980000010A,-99.0,-99,2026-04-22T12:50:00+08:00
L_6004980000020A,37.0,2,2026-04-22T12:50:00+08:00
L_6004980000040A,-99.0,-99,2026-04-22T12:50:00+08:00
L_6004980000080A,28.0,4,2026-04-22T12:50:00+08:00
L_6004980400000A,-99.0,-99,2026-04-22T12:50:00+08:00
L_6004980400010A,-99.0,-99,2026-04-22T12:50:00+08:00
L_6004980400040A,-99.0,-99,2026-04-22T12:50:00+08:00
L_6004980400080A,30.0,3,2026-04-22T12:50:00+08:00
L_6004990100010A,49.0,1,2026-04-22T12:50:00+08:00
L_6004990500020A,-99.0,-99,2026-04-22T12:50:00+08:00
L_6004990500050A,39.0,2,2026-04-22T12:50:00+08:00
L_6005020200010A,31.0,3,2026-04-22T12:50:00+08:00
L_6005020200040A,41.0,1,2026-04-22T12:50:00+08:00
L_6005020600010A,36.0,2,2026-04-22T12:50:00+08:00
L_6005020600050A,39.0,2,2026-04-22T12:50:00+08:00
L_6005110200000A,-99.0,-99,2026-04-22T12:50:00+08:00
L_6005110200010A,74.0,1,2026-04-22T12:50:00+08:00
L_6005110200020A,-99.0,-99,2026-04-22T12:50:00+08:00
L_6005110600000A,-99.0,-99,2026-04-22T12:50:00+08:00
L_6005110600010A,63.0,1,2026-04-22T12:50:00+08:00
L_6005110600020A,-99.0,-99,2026-04-22T12:50:00+08:00
L_6005120200000A,-99.0,-99,2026-04-22T12:50:00+08:00
L_6005120200010A,-99.0,-99,2026-04-22T12:50:00+08:00
L_6005120200020A,-99.0,-99,2026-04-22T12:50:00+08:00
L_6005120200030A,-99.0,-99,2026-04-22T12:50:00+08:00
L_6005120200040A,-99.0,-99,2026-04-22T12:50:00+08:00
L_6005120200050A,-99.0,-99,2026-04-22T12:50:00+08:00
L_6005120600000A,-99.0,-99,2026-04-22T12:50:00+08:00
L_6005120600010A,-99.0,-99,2026-04-22T12:50:00+08:00
L_6005120600020A,-99.0,-99,2026-04-22T12:50:00+08:00
L_6005120600030A,-99.0,-99,2026-04-22T12:50:00+08:00
L_6005120600040A,-99.0,-99,2026-04-22T12:50:00+08:00
L_6005120600050A,-99.0,-99,2026-04-22T12:50:00+08:00
L_6005230200010A,42.0,1,2026-04-22T12:50:00+08:00
L_6005230200040A,52.0,1,2026-04-22T12:50:00+08:00
L_6005230200070A,57.0,1,2026-04-22T12:50:00+08:00
L_6005230600010A,43.0,1,2026-04-22T12:50:00+08:00
L_6005230600030A,55.0,1,2026-04-22T12:50:00+08:00
L_6005230600050A,49.0,1,2026-04-22T12:50:00+08:00
L_6005250200020A,42.0,1,2026-04-22T12:50:00+08:00
L_6005250200030A,41.0,1,2026-04-22T12:50:00+08:00
L_6005250600020A,37.0,2,2026-04-22T12:50:00+08:00
L_6005250600030A,-99.0,-99,2026-04-22T12:50:00+08:00
L_6005270200000A,49.0,1,2026-04-22T12:50:00+08:00
L_6005270600010A,50.0,1,2026-04-22T12:50:00+08:00
L_6005280200010A,45.0,1,2026-04-22T12:50:00+08:00
L_6005280200020A,28.0,4,2026-04-22T12:50:00+08:00
L_6005280600000A,48.0,1,2026-04-22T12:50:00+08:00
L_6005280600020A,42.0,1,2026-04-22T12:50:00+08:00
L_6005290200000A,72.0,1,2026-04-22T12:50:00+08:00
L_6005290200010A,23.0,5,2026-04-22T12:50:00+08:00
L_6005290200030A,40.0,1,2026-04-22T12:50:00+08:00
L_6005290600000A,51.0,1,2026-04-22T12:50:00+08:00
L_6005290600010A,43.0,1,2026-04-22T12:50:00+08:00
L_6005290600040A,47.0,1,2026-04-22T12:50:00+08:00
L_6005300200000A,50.0,1,2026-04-22T12:50:00+08:00
L_6005300200010A,42.0,1,2026-04-22T12:50:00+08:00
L_6005300600000A,47.0,1,2026-04-22T12:50:00+08:00
L_6005300600010A,43.0,1,2026-04-22T12:50:00+08:00
L_6005320200050A,49.0,1,2026-04-22T12:50:00+08:00
L_6005320200060A,37.0,2,2026-04-22T12:50:00+08:00
L_6005320200090A,43.0,1,2026-04-22T12:50:00+08:00
L_6005320600030A,41.0,1,2026-04-22T12:50:00+08:00
L_6005320600040A,26.0,4,2026-04-22T12:50:00+08:00
L_6005320600070A,35.0,2,2026-04-22T12:50:00+08:00
L_6005322200020A,-99.0,-99,2026-04-22T12:50:00+08:00
L_6005322200040A,-99.0,-99,2026-04-22T12:50:00+08:00
L_6005322600020A,-99.0,-99,2026-04-22T12:50:00+08:00
L_6005350200030A,37.0,2,2026-04-22T12:50:00+08:00
L_6005350600030A,35.0,2,2026-04-22T12:50:00+08:00
L_6005370200000A,42.0,1,2026-04-22T12:50:00+08:00
L_6005370200010A,46.0,1,2026-04-22T12:50:00+08:00
L_6005370600000A,51.0,1,2026-04-22T12:50:00+08:00
L_6005370600010A,49.0,1,2026-04-22T12:50:00+08:00
L_6005380200010A,39.0,2,2026-04-22T12:50:00+08:00
L_6005380200020A,55.0,1,2026-04-22T12:50:00+08:00
L_6005380600010A,41.0,1,2026-04-22T12:50:00+08:00
L_6005380600020A,39.0,2,2026-04-22T12:50:00+08:00
L_6005390200000A,-99.0,-99,2026-04-22T12:50:00+08:00
L_6005390200010A,-99.0,-99,2026-04-22T12:50:00+08:00
L_6005390200020A,42.0,1,2026-04-22T12:50:00+08:00
L_6005390600000A,-99.0,-99,2026-04-22T12:50:00+08:00
L_6005390600010A,-99.0,-99,2026-04-22T12:50:00+08:00
L_6005390600020A,40.0,1,2026-04-22T12:50:00+08:00
L_6005400200000A,33.0,3,2026-04-22T12:50:00+08:00
L_6005400600000A,36.0,2,2026-04-22T12:50:00+08:00
L_6005410200000A,48.0,1,2026-04-22T12:50:00+08:00
L_6005410600000A,49.0,1,2026-04-22T12:50:00+08:00
L_6005420200020A,35.0,2,2026-04-22T12:50:00+08:00
L_6005420200030A,55.0,1,2026-04-22T12:50:00+08:00
L_6005420200060A,44.0,1,2026-04-22T12:50:00+08:00
L_6005420600020A,40.0,1,2026-04-22T12:50:00+08:00
L_6005420600030A,51.0,1,2026-04-22T12:50:00+08:00
L_6005420600060A,35.0,2,2026-04-22T12:50:00+08:00
L_6005460200030A,57.0,1,2026-04-22T12:50:00+08:00
L_6005460600030A,49.0,1,2026-04-22T12:50:00+08:00
L_6005590300010A,53.0,1,2026-04-22T12:50:00+08:00
L_6005590700010A,32.0,3,2026-04-22T12:50:00+08:00
L_6005740100010A,-99.0,-99,2026-04-22T12:50:00+08:00
L_6005740100023A,36.0,2,2026-04-22T12:50:00+08:00
L_6005740100026A,40.0,1,2026-04-22T12:50:00+08:00
L_6005740100030A,-99.0,-99,2026-04-22T12:50:00+08:00
L_6005740100040A,-99.0,-99,2026-04-22T12:50:00+08:00
L_6005740100050A,-99.0,-99,2026-04-22T12:50:00+08:00
L_6005740500010A,-99.0,-99,2026-04-22T12:50:00+08:00
L_6005740500023A,-99.0,-99,2026-04-22T12:50:00+08:00
L_6005740500026A,33.0,3,2026-04-22T12:50:00+08:00
L_6005740500030A,-99.0,-99,2026-04-22T12:50:00+08:00
L_6005740500040A,-99.0,-99,2026-04-22T12:50:00+08:00
L_6005900200010A,-99.0,-99,2026-04-22T12:50:00+08:00
L_6005900600010A,-99.0,-99,2026-04-22T12:50:00+08:00
L_6005910200010A,36.0,2,2026-04-22T12:50:00+08:00
L_6005910600010A,46.0,1,2026-04-22T12:50:00+08:00
L_6005990300010A,-99.0,-99,2026-04-22T12:50:00+08:00
L_6005990700010A,-99.0,-99,2026-04-22T12:50:00+08:00
L_6006100700000A,-99.0,-99,2026-04-22T12:50:00+08:00
L_6006130100010A,40.0,1,2026-04-22T12:50:00+08:00
L_6006130500010A,40.0,1,2026-04-22T12:50:00+08:00
L_6006230100010A,-99.0,-99,2026-04-22T12:50:00+08:00
L_6006230500010A,-99.0,-99,2026-04-22T12:50:00+08:00
L_6006260000000A,24.0,5,2026-04-22T12:50:00+08:00
L_6006260000010A,35.0,2,2026-04-22T12:50:00+08:00
L_6006260400000A,45.0,1,2026-04-22T12:50:00+08:00
L_6006270100010A,59.0,1,2026-04-22T12:50:00+08:00
L_6006270500010A,50.0,1,2026-04-22T12:50:00+08:00
L_6006440100010A,-99.0,-99,2026-04-22T12:50:00+08:00
L_6006440500000A,-99.0,-99,2026-04-22T12:50:00+08:00
L_6006590000150A,47.0,1,2026-04-22T12:50:00+08:00
L_6006590100200A,40.0,1,2026-04-22T12:50:00+08:00
L_6006590300140A,42.0,1,2026-04-22T12:50:00+08:00
L_6006590400150A,27.0,4,2026-04-22T12:50:00+08:00
L_6006590500200A,46.0,1,2026-04-22T12:50:00+08:00
L_6006590700140A,56.0,1,2026-04-22T12:50:00+08:00
L_6006660400000A,-99.0,-99,2026-04-22T12:50:00+08:00
L_6006690700000A,47.0,1,2026-04-22T12:50:00+08:00
L_6006700300010A,40.0,1,2026-04-22T12:50:00+08:00
L_6006700300030A,49.0,1,2026-04-22T12:50:00+08:00
L_6006700700000A,37.0,2,2026-04-22T12:50:00+08:00
L_6006700700020A,48.0,1,2026-04-22T12:50:00+08:00
L_6006710300000A,-99.0,-99,2026-04-22T12:50:00+08:00
L_6006712300020A,46.0,1,2026-04-22T12:50:00+08:00
L_6006712700020A,50.0,1,2026-04-22T12:50:00+08:00
L_6006720000010A,42.0,1,2026-04-22T12:50:00+08:00
L_6006720000020A,48.0,1,2026-04-22T12:50:00+08:00
L_6006720400020A,48.0,1,2026-04-22T12:50:00+08:00
L_6006730000030A,48.0,1,2026-04-22T12:50:00+08:00
L_6006730400030A,42.0,1,2026-04-22T12:50:00+08:00
L_6006960200000A,48.0,1,2026-04-22T12:50:00+08:00
L_6006960600000A,51.0,1,2026-04-22T12:50:00+08:00
L_6006970100010A,40.0,1,2026-04-22T12:50:00+08:00
L_6006970100020A,55.0,1,2026-04-22T12:50:00+08:00
L_6006970500010A,44.0,1,2026-04-22T12:50:00+08:00
L_6006970500020A,63.0,1,2026-04-22T12:50:00+08:00
L_6006980100010A,-99.0,-99,2026-04-22T12:50:00+08:00
L_6006980500010A,-99.0,-99,2026-04-22T12:50:00+08:00
L_6007180000010A,46.0,1,2026-04-22T12:50:00+08:00
L_6007180400010A,42.0,1,2026-04-22T12:50:00+08:00
L_6007200300000A,-99.0,-99,2026-04-22T12:50:00+08:00
L_6007200300010A,35.0,2,2026-04-22T12:50:00+08:00
L_6007200300020A,-99.0,-99,2026-04-22T12:50:00+08:00
L_6007200300030A,-99.0,-99,2026-04-22T12:50:00+08:00
L_6007200300040A,-99.0,-99,2026-04-22T12:50:00+08:00
L_6007200700000A,-99.0,-99,2026-04-22T12:50:00+08:00
L_6007200700010A,-99.0,-99,2026-04-22T12:50:00+08:00
L_6007200700020A,21.0,5,2026-04-22T12:50:00+08:00
L_6007200700030A,-99.0,-99,2026-04-22T12:50:00+08:00
L_6007200700040A,-99.0,-99,2026-04-22T12:50:00+08:00
L_6007200700050A,-99.0,-99,2026-04-22T12:50:00+08:00
L_6007210000000A,-99.0,-99,2026-04-22T12:50:00+08:00
L_6007210000010A,38.0,2,2026-04-22T12:50:00+08:00
L_6007210000020A,-99.0,-99,2026-04-22T12:50:00+08:00
L_6007210000033A,-99.0,-99,2026-04-22T12:50:00+08:00
L_6007210000036A,-99.0,-99,2026-04-22T12:50:00+08:00
L_6007210000040A,66.0,1,2026-04-22T12:50:00+08:00
L_6007210000053A,-99.0,-99,2026-04-22T12:50:00+08:00
L_6007210000056A,-99.0,-99,2026-04-22T12:50:00+08:00
L_6007210400000A,-99.0,-99,2026-04-22T12:50:00+08:00
L_6007210400010A,-99.0,-99,2026-04-22T12:50:00+08:00
L_6007210400020A,-99.0,-99,2026-04-22T12:50:00+08:00
L_6007210400030A,-99.0,-99,2026-04-22T12:50:00+08:00
L_6007210400040A,-99.0,-99,2026-04-22T12:50:00+08:00
L_6007210400050A,49.0,1,2026-04-22T12:50:00+08:00
L_6007210400060A,-99.0,-99,2026-04-22T12:50:00+08:00
L_6007210400073A,-99.0,-99,2026-04-22T12:50:00+08:00
L_6007210400076A,-99.0,-99,2026-04-22T12:50:00+08:00
L_6007240100020A,41.0,1,2026-04-22T12:50:00+08:00
L_6007240100040A,37.0,2,2026-04-22T12:50:00+08:00
L_6007240500020A,41.0,1,2026-04-22T12:50:00+08:00
L_6007240500040A,44.0,1,2026-04-22T12:50:00+08:00
L_6007310200000A,-99.0,-99,2026-04-22T12:50:00+08:00
L_6007310200010A,36.0,2,2026-04-22T12:50:00+08:00
L_6007310200020A,36.0,2,2026-04-22T12:50:00+08:00
L_6007310600000A,-99.0,-99,2026-04-22T12:50:00+08:00
L_6007310600010A,43.0,1,2026-04-22T12:50:00+08:00
L_6007310600020A,41.0,1,2026-04-22T12:50:00+08:00
L_6007370200010A,26.0,4,2026-04-22T12:50:00+08:00
L_6007370200020A,61.0,1,2026-04-22T12:50:00+08:00
L_6007480000010A,50.0,1,2026-04-22T12:50:00+08:00
L_6007480400010A,37.0,2,2026-04-22T12:50:00+08:00
L_6007480400020A,35.0,2,2026-04-22T12:50:00+08:00
L_6007630500040A,-99.0,-99,2026-04-22T12:50:00+08:00
L_6007650300000A,-99.0,-99,2026-04-22T12:50:00+08:00
L_6007650300010A,-99.0,-99,2026-04-22T12:50:00+08:00
L_6007650700020A,-99.0,-99,2026-04-22T12:50:00+08:00
L_6007650700030A,-99.0,-99,2026-04-22T12:50:00+08:00
L_6007650700040A,-99.0,-99,2026-04-22T12:50:00+08:00
L_6007760100010A,57.0,1,2026-04-22T12:50:00+08:00
L_6007760100030A,49.0,1,2026-04-22T12:50:00+08:00
L_6007760500030A,53.0,1,2026-04-22T12:50:00+08:00
L_6007800000000A,-99.0,-99,2026-04-22T12:50:00+08:00
L_6007800400010A,-99.0,-99,2026-04-22T12:50:00+08:00
L_6007820200020A,25.0,4,2026-04-22T12:50:00+08:00
L_6007820200040A,41.0,1,2026-04-22T12:50:00+08:00
L_6007820600010A,46.0,1,2026-04-22T12:50:00+08:00
L_6007820600020A,43.0,1,2026-04-22T12:50:00+08:00
L_6007820600040A,30.0,3,2026-04-22T12:50:00+08:00
L_6007940500000A,30.0,3,2026-04-22T12:50:00+08:00
L_6007942100010A,41.0,1,2026-04-22T12:50:00+08:00
L_6007950200010A,47.0,1,2026-04-22T12:50:00+08:00
L_6007950600010A,38.0,2,2026-04-22T12:50:00+08:00
L_6007960300050A,40.0,1,2026-04-22T12:50:00+08:00
L_6007960300060A,42.0,1,2026-04-22T12:50:00+08:00
L_6007960700060A,45.0,1,2026-04-22T12:50:00+08:00
L_6007962300030A,36.0,2,2026-04-22T12:50:00+08:00
L_6007962700030A,45.0,1,2026-04-22T12:50:00+08:00
L_6007962700040A,48.0,1,2026-04-22T12:50:00+08:00
L_6007970100000A,48.0,1,2026-04-22T12:50:00+08:00
L_6007970400000A,45.0,1,2026-04-22T12:50:00+08:00
L_6007980000000A,40.0,1,2026-04-22T12:50:00+08:00
L_6007980400000A,44.0,1,2026-04-22T12:50:00+08:00
L_6007990000000A,56.0,1,2026-04-22T12:50:00+08:00
L_6007990400000A,58.0,1,2026-04-22T12:50:00+08:00
L_6008000000040A,41.0,1,2026-04-22T12:50:00+08:00
L_6008000400030A,36.0,2,2026-04-22T12:50:00+08:00
L_6008150000000A,23.0,5,2026-04-22T12:50:00+08:00
L_6008150400000A,34.0,3,2026-04-22T12:50:00+08:00
L_6008170200030A,37.0,2,2026-04-22T12:50:00+08:00
L_6008170600030A,39.0,2,2026-04-22T12:50:00+08:00
L_6008210000010A,43.0,1,2026-04-22T12:50:00+08:00
L_6008210400010A,40.0,1,2026-04-22T12:50:00+08:00
L_6008220000000A,-99.0,-99,2026-04-22T12:50:00+08:00
L_6008220400000A,-99.0,-99,2026-04-22T12:50:00+08:00
L_6008230000010A,45.0,1,2026-04-22T12:50:00+08:00
L_6008230000020A,-99.0,-99,2026-04-22T12:50:00+08:00
L_6008230000030A,51.0,1,2026-04-22T12:50:00+08:00
L_6008230400010A,34.0,3,2026-04-22T12:50:00+08:00
L_6008230400020A,-99.0,-99,2026-04-22T12:50:00+08:00
L_6008240000010A,61.0,1,2026-04-22T12:50:00+08:00
L_6008240000020A,49.0,1,2026-04-22T12:50:00+08:00
L_6008240400010A,-99.0,-99,2026-04-22T12:50:00+08:00
L_6008240400020A,40.0,1,2026-04-22T12:50:00+08:00
L_6008250000010A,50.0,1,2026-04-22T12:50:00+08:00
L_6008250000050A,52.0,1,2026-04-22T12:50:00+08:00
L_6008250400010A,50.0,1,2026-04-22T12:50:00+08:00
L_6008250400050A,43.0,1,2026-04-22T12:50:00+08:00
L_6008260300000A,42.0,1,2026-04-22T12:50:00+08:00
L_6008260300010A,39.0,2,2026-04-22T12:50:00+08:00
L_6008260700000A,49.0,1,2026-04-22T12:50:00+08:00
L_6008260700010A,45.0,1,2026-04-22T12:50:00+08:00
L_6008270000000A,-99.0,-99,2026-04-22T12:50:00+08:00
L_6008270000020A,-99.0,-99,2026-04-22T12:50:00+08:00
L_6008270400000A,-99.0,-99,2026-04-22T12:50:00+08:00
L_6008270400020A,-99.0,-99,2026-04-22T12:50:00+08:00
L_6008290200020A,42.0,1,2026-04-22T12:50:00+08:00
L_6008290200040A,-99.0,-99,2026-04-22T12:50:00+08:00
L_6008290600000A,-99.0,-99,2026-04-22T12:50:00+08:00
L_6008290600010A,46.0,1,2026-04-22T12:50:00+08:00
L_6008290600030A,-99.0,-99,2026-04-22T12:50:00+08:00
L_6008310000010A,36.0,2,2026-04-22T12:50:00+08:00
L_6008310000020A,46.0,1,2026-04-22T12:50:00+08:00
L_6008310400010A,42.0,1,2026-04-22T12:50:00+08:00
L_6008310400020A,-99.0,-99,2026-04-22T12:50:00+08:00
L_6008320000000A,44.0,1,2026-04-22T12:50:00+08:00
L_6008320000010A,-99.0,-99,2026-04-22T12:50:00+08:00
L_6008320400000A,25.0,4,2026-04-22T12:50:00+08:00
L_6008320400010A,-99.0,-99,2026-04-22T12:50:00+08:00
L_6008330300030A,77.0,1,2026-04-22T12:50:00+08:00
L_6008330700020A,59.0,1,2026-04-22T12:50:00+08:00
L_6008440200000A,-99.0,-99,2026-04-22T12:50:00+08:00
L_6008440200010A,34.0,3,2026-04-22T12:50:00+08:00
L_6008440600000A,-99.0,-99,2026-04-22T12:50:00+08:00
L_6008440600010A,46.0,1,2026-04-22T12:50:00+08:00
L_6008460200010A,27.0,4,2026-04-22T12:50:00+08:00
L_6008460200050A,43.0,1,2026-04-22T12:50:00+08:00
L_6008460200060A,36.0,2,2026-04-22T12:50:00+08:00
L_6008460600010A,38.0,2,2026-04-22T12:50:00+08:00
L_6008460600050A,27.0,4,2026-04-22T12:50:00+08:00
L_6008460600060A,51.0,1,2026-04-22T12:50:00+08:00
L_6008480200000A,29.0,4,2026-04-22T12:50:00+08:00
L_6008480200030A,47.0,1,2026-04-22T12:50:00+08:00
L_6008480200040A,38.0,2,2026-04-22T12:50:00+08:00
L_6008480200050A,46.0,1,2026-04-22T12:50:00+08:00
L_6008480600000A,41.0,1,2026-04-22T12:50:00+08:00
L_6008480600030A,37.0,2,2026-04-22T12:50:00+08:00
L_6008480600040A,43.0,1,2026-04-22T12:50:00+08:00
L_6008480600050A,46.0,1,2026-04-22T12:50:00+08:00
L_6008860000000A,39.0,2,2026-04-22T12:50:00+08:00
L_6008860000030A,33.0,3,2026-04-22T12:50:00+08:00
L_6008860400000A,40.0,1,2026-04-22T12:50:00+08:00
L_6008860400030A,-99.0,-99,2026-04-22T12:50:00+08:00
L_6008880800000A,-99.0,-99,2026-04-22T12:50:00+08:00
L_6008880800010A,-99.0,-99,2026-04-22T12:50:00+08:00
L_6008880800020A,-99.0,-99,2026-04-22T12:50:00+08:00
L_6008890800000A,-99.0,-99,2026-04-22T12:50:00+08:00
L_6008890800020A,-99.0,-99,2026-04-22T12:50:00+08:00
L_6008900000000A,52.0,1,2026-04-22T12:50:00+08:00
L_6008900000010A,-99.0,-99,2026-04-22T12:50:00+08:00
L_6008900400000A,66.0,1,2026-04-22T12:50:00+08:00
L_6008930300010A,-99.0,-99,2026-04-22T12:50:00+08:00
L_6008930700000A,-99.0,-99,2026-04-22T12:50:00+08:00
L_6009000100000A,50.0,1,2026-04-22T12:50:00+08:00
L_6009000500000A,61.0,1,2026-04-22T12:50:00+08:00
L_6009010000000A,-99.0,-99,2026-04-22T12:50:00+08:00
L_6009010400000A,-99.0,-99,2026-04-22T12:50:00+08:00
L_6009010400010A,-99.0,-99,2026-04-22T12:50:00+08:00
L_6009090300000A,-99.0,-99,2026-04-22T12:50:00+08:00
L_6009090700000A,-99.0,-99,2026-04-22T12:50:00+08:00
L_6009130000000A,-99.0,-99,2026-04-22T12:50:00+08:00
L_6009130000010A,-99.0,-99,2026-04-22T12:50:00+08:00
L_6009130400000A,64.0,1,2026-04-22T12:50:00+08:00
L_6009180100000A,42.0,1,2026-04-22T12:50:00+08:00
L_6009190200000A,65.0,1,2026-04-22T12:50:00+08:00
L_6009190600000A,52.0,1,2026-04-22T12:50:00+08:00
L_6009220500000A,48.0,1,2026-04-22T12:50:00+08:00
L_6009310300000A,-99.0,-99,2026-04-22T12:50:00+08:00
L_6009310700000A,-99.0,-99,2026-04-22T12:50:00+08:00
L_6009320200000A,-99.0,-99,2026-04-22T12:50:00+08:00
L_6009360300000A,-99.0,-99,2026-04-22T12:50:00+08:00
